id_cl;semimajorAxis;perihelion;aphelion;eccentricity;inclination;density;gravity;escape;meanRadius;equaRadius;polarRadius;flattening;dimension;sideralOrbit;discoveryDate;orbitType;orbits;pTransit;transitVisibility;transitDepth;massJ;semimajorAxisAU
1;384400;363300;405500;0.0549;5145;3.344;1.62;2380;33;1738.1;1736;0.0012;;273217;;Secondary;Earth;181158949;3260861082;0.00000000225;0.0000387;0.002569555
2;9376;9234;9518;0.0151;1075;1.9;0.0057;11.39;33;13;9.1;0;26.8 x 22.4 x 18.4;0.31891;12/08/1877;Secondary;Mars;7427207765;1336897398;0.00000000225;0.00000000000558;0.0000627
3;23458;23456;23471;0.0152;1075;1.75;0.003;5.556;33;7.8;5.1;0;15.0 x 12 x 10.4;126244;12/08/1877;Secondary;Mars;2968603462;5343486231;0.00000000225;0.00000000000126;0.000157
4;421800;0;0;0.004;0.036;3.53;1.79;0;1821.5;0;0;0;;176914;07/01/1610;Secondary;Jupiter;1655200332;2979360597;0.00000684;0.000047;0.002819559
5;671100;0;0;0.009;0.466;3.01;1.31;0;1560.8;0;0;0;;355118;08/01/1610;Secondary;Jupiter;1039938608;1871889495;0.00000502;0.0000253;0.004486026
6;1070400;0;0;0.001;0.177;1.94;1.428;0;2631.2;0;0;0;;715455;11/01/1610;Secondary;Jupiter;0.653001868;1175403363;0.0000143;0.0000779;0.007155182
7;1882700;0;0;0.007;0.192;1.83;1.235;0;2410.3;0;0;0;;1668903;07/01/1610;Secondary;Jupiter;0.37114373;6680587135;0.0000120;0.0000568;0.012585072
8;181400;181150;182840;0.003;0.38;3.1;0.02;0;84;0;0;0;125 x 73 x 64;0.49818;09/09/1892;Secondary;Jupiter;3839173098;6910511577;0.0000000146;0.00000000395;0.001212584
9;11461000;9782900;13082000;0.162;27.5;1;0.062;0;85;0;0;0;;2505662;3/12/1904;Secondary;Jupiter;0.060764942;1093768956;0.0000000149;0.000000005;0.076612053
10;11741000;0;0;0.217;26.63;1;0.031;0;40;0;0;0;;2596528;2/01/1905;Secondary;Jupiter;0.059311984;1067615706;0.00000000330;0.000000000421;0.078483737
11;23624000;0;0;0.409;151.4;1;0.022;0;18;0;0;0;;743.6;27/01/1908;Secondary;Jupiter;0.029476803;5305824585;0.000000000668;0.000000000158;0.157916686
12;23939000;0;0;0.25;158.1;1;0.014;0;14;0;0;0;;758.9;21/07/1914;Secondary;Jupiter;0.029088767;5235978111;0.000000000404;0.0000000000421;0.160022331
13;11717000;0;0;0.112;28.3;1;0.013;0;12;0;0;0;;259.22;6/07/1938;Secondary;Jupiter;0.059431083;1069759495;0.000000000297;0.0000000000421;0.078323307
14;23404000;0;0;0.253;164.9;1;0.017;0;15;0;0;0;;734.2;30/07/1938;Secondary;Jupiter;0.02975376;5355676807;0.000000000464;0.0000000000526;0.156446077
15;21276000;0;0;0.244;148.9;1;0.01;0;10;0;0;0;;629.8;28/09/1951;Secondary;Jupiter;0.03272946;5891302876;0.000000000206;0.0000000000211;0.142221276
16;11165000;0;0;0.164;27.46;1;0.0073;0;5;0;0;0;;240.92;11/09/1974;Secondary;Jupiter;0.062368742;1122637349;0.0000000000516;0.000000000316;0.074633415
17;221900;218000;226000;0.018;1.08;1;0.02;0;49;0;0;0;58 x 49 x 42;0.6745;5/03/1979;Secondary;Jupiter;313831005;5648958089;0.00000000495;0.000000000421;0.00148331
18;129000;0;0;0.002;0.054;1;0.002;0;8;0;0;0;10 x 8 x 7;0.29826;8/07/1979;Secondary;Jupiter;5398062016;9716511628;0.000000000132;0.00000000000105;0.000862
19;128000;127974;128026;0.001;0.019;1;0.005;0;22;0;0;0;30 x 20 x 17;0.29478;4/03/1979;Secondary;Jupiter;544034375;979261875;0.000000000998;0.0000000000526;0.000856
20;24102000;0;0;0.283;147.1;1;0.0031;0;4;0;0;0;;758.8;6/10/1999;Secondary;Jupiter;0.028891627;5200492905;0.0000000000330;0.000000000000458;0.161111919
21;7507000;5909000;8874300;0.242;43.08;1;0.0029;0;4;0;0;0;;130.02;30/09/1975;Secondary;Jupiter;0.092759558;1669672039;0.0000000000330;0.000000000000363;0.050181196
22;14146700;0;0;0.421;152.8;1;0;0;2.7;0;0;0;;752.8;23/11/2000;Secondary;Jupiter;0.049223119;8860161451;0.0000000000150;0.000000000000111;0.094564849
23;23363000;0;0;0.252;165.2;1;0;0;2.5;0;0;0;;732.2;23/11/2000;Secondary;Jupiter;0.02980544;5364979241;0.0000000000129;0.0000000000000842;0.156172009
24;23179000;0;0;0.251;165.2;1;0;0;1.9;0;0;0;;723.8;23/11/2000;Secondary;Jupiter;0.030042016;5407562966;0.00000000000744;0.0000000000000395;0.154942045
25;21104000;0;0;0.226;148.6;1;0;0;2.2;0;0;0;;623.3;23/11/2000;Secondary;Jupiter;0.03299584;5939251137;0.00000000000998;0.0000000000000632;0.141071527
26;23564000;0;0;0.245;165.2;1;0;0;2.6;0;0;0;;743;23/11/2000;Secondary;Jupiter;0.029551205;5319216941;0.0000000000139;0.0000000000001;0.157515611
27;21272000;0;0;0.216;149.4;1;0;0;2.6;0;0;0;;631.5;23/11/2000;Secondary;Jupiter;0.032735267;5892348063;0.0000000000139;0.0000000000001;0.142194537
28;23283000;0;0;0.266;164.9;1;0;0;1.6;0;0;0;;728.3;23/11/2000;Secondary;Jupiter;0.029907813;5383406262;0.00000000000528;0.0000000000000237;0.155637242
29;23231000;0;0;0.246;165.2;1;0;0;1.9;0;0;0;;725.5;23/11/2000;Secondary;Jupiter;0.029974771;539545874;0.00000000000744;0.0000000000000395;0.155289643
30;21148000;0;0;0.23;149;1;0;0;3.4;0;0;0;;625.3;23/11/2000;Secondary;Jupiter;0.032927246;5926904294;0.0000000000238;0.000000000000226;0.141365648
31;24033000;0;0;0.334;152.9;1;0.0015;0;2;0;0;0;;715.4;10/12/2001;Secondary;Jupiter;0.028974493;5215408813;0.00000000000825;0.0000000000000474;0.160650682
32;21192000;0;0;0.229;148.5;1;0.0015;0;2;0;0;0;;627.3;11/12/2001;Secondary;Jupiter;0.032858815;5914586636;0.00000000000825;0.0000000000000474;0.14165977
33;21300000;0;0;0.21;150.7;1;0.0015;0;2;0;0;0;;633.9;19/12/2001;Secondary;Jupiter;0.032692207;5884597183;0.00000000000825;0.0000000000000474;0.142381706
34;23315000;0;0;0.264;165.1;1;0.0012;0;1.5;0;0;0;;730.2;19/12/2001;Secondary;Jupiter;0.02986676;5376016727;0.00000000000464;0.0000000000000237;0.155851149
35;23148000;0;0;0.276;150.3;1;0.0012;0;1.5;0;0;0;;723.9;19/12/2001;Secondary;Jupiter;0.030082232;5414801711;0.00000000000464;0.0000000000000237;0.154734823
36;21038000;0;0;0.232;148.9;1;0.0012;0;1.5;0;0;0;;620.6;11/12/2001;Secondary;Jupiter;0.03309932;595787765;0.00000000000464;0.0000000000000237;0.140630344
37;19339000;0;0;0.144;145.8;1;0;0;1;0;0;0;;553.1;11/12/2001;Secondary;Jupiter;0.036007188;6481293759;0.00000000000206;0.00000000000000789;0.12927323
38;21164000;0;0;0.281;145.9;1;8.10E-04;0;1;0;0;0;;622.6;11/12/2001;Secondary;Jupiter;0.03290224;5922403137;0.00000000000206;0.00000000000000789;0.141472602
39;23790000;0;0;0.312;151;1;8.10E-04;0;1;0;0;0;;748.3;19/12/2001;Secondary;Jupiter;0.029270408;5268673392;0.00000000000206;0.00000000000000789;0.159026328
40;23302000;0;0;0.26;165;1;8.10E-04;0;1;0;0;0;;729.5;19/12/2001;Secondary;Jupiter;0.029883401;5379012102;0.00000000000206;0.00000000000000789;0.155764249
41;23090000;0;0;0.267;165.1;1;8.10E-04;0;1;0;0;0;;716.3;11/12/2001;Secondary;Jupiter;0.030157774;5428399307;0.00000000000206;0.00000000000000789;0.154347117
42;23566000;0;0;0.328;155.2;1;0;0;2;0;0;0;;739.6;1/01/2003;Secondary;Jupiter;0.029548672;5318760927;0.00000000000825;0.0000000000000237;0.15752898
43;21036000;0;0;0.227;148.6;1;0;0;2;0;0;0;;620;1/01/2003;Secondary;Jupiter;0.033102491;5958448374;0.00000000000825;0.00000000000000789;0.140616975
44;23969000;0;0;0.432;158.3;1;0;0;2;0;0;0;;761.5;1/01/2003;Secondary;Jupiter;0.029051859;5229334557;0.00000000000825;0.0000000000000474;0.160222869
45;21165000;0;0;0.221;151.4;1;0;0;2;0;0;0;;628.1;1/01/2003;Secondary;Jupiter;0.032900732;5922131821;0.00000000000825;0.00000000000000789;0.141479286
46;23355000;0;0;0.259;165;1;0.0012;0;1.5;0;0;0;;762.7;31/10/2002;Secondary;Jupiter;0.029815607;5366809249;0.00000000000464;0.0000000000000218;0.156118532
47;23273000;0;0;0.264;165.5;1;0;0;2;0;0;0;;764.7;1/01/2003;Secondary;Jupiter;0.029920681;5385722511;0.00000000000825;0.00000000000000789;0.155570396
48;21064000;0;0;0.156;154.8;1;0;0;4;0;0;0;;634.8;1/01/2003;Secondary;Jupiter;0.033058583;5950545006;0.0000000000330;0.0000000000000474;0.140804143
49;17078000;0;0;0.43;51.4;1;0;0;3;0;0;0;;456.1;1/01/2003;Secondary;Jupiter;0.040774388;7339389858;0.0000000000186;0.0000000000000237;0.114159379
50;23322000;0;0;0.272;165.5;1;0;0;4;0;0;0;;746.4;1/01/2003;Secondary;Jupiter;0.029857902;5374422434;0.0000000000330;0.0000000000000474;0.155897941
51;23787000;0;0;0.319;149.3;1;0;0;1;0;0;0;;737.8;1/01/2003;Secondary;Jupiter;0.029274099;5269337874;0.00000000000206;0.00000000000000789;0.159006274
52;24486000;0;0;0.325;145;1;0;0;1;0;0;0;;779.2;1/01/2003;Secondary;Jupiter;0.028438414;5118914482;0.00000000000206;0.00000000000000789;0.1636788
53;23405000;0;0;0.2;164.2;1;0;0;2;0;0;0;;717.3;1/01/2003;Secondary;Jupiter;0.029751933;5355348003;0.00000000000825;0.00000000000000789;0.156452762
54;28332000;0;0;0.38;151.8;1;0;0;1;0;0;0;;982.5;1/01/2003;Secondary;Jupiter;0.024577968;4424034307;0.00000000000206;0.00000000000000789;0.189387722
55;20230000;0;0;0.253;148;1;0;0;1;0;0;0;;504;1/01/2003;Secondary;Jupiter;0.034421305;6195834899;0.00000000000206;0.00000000000000789;0.135229197
56;23928000;0;0;0.204;144.9;1;0;0;1;0;0;0;;723.2;1/01/2003;Secondary;Jupiter;0.029101596;5238287362;0.00000000000206;0.0000000199;0.159948801
57;23493000;0;0;0.22;163.1;1;0;0;2;0;0;0;;759.7;1/01/2003;Secondary;Jupiter;0.029640489;5335287958;0.00000000000825;0.0000000568;0.157041005
58;23385000;0;0;0.269;164.5;1;0;0;0.5;0;0;0;;683;1/01/2003;Secondary;Jupiter;0.029777315;5359916613;0.000000000000516;0.000000325;0.15631907
59;23042000;0;0;0.214;164.1;1;0;0;1;0;0;0;;767;1/01/2003;Secondary;Jupiter;0.030220597;5439707491;0.00000000000206;0.000000579;0.154026256
60;17835000;0;0;0.376;145.8;1;0;0;0.5;0;0;0;;533.3;1/01/2003;Secondary;Jupiter;0.039043594;702784693;0.000000000000516;0.00000121;0.119219611
61;22622000;0;0;0.194;143.6;1;0;0;1;0;0;0;;668.4;1/01/2003;Secondary;Jupiter;0.030781673;5540701087;0.00000000000206;0.0000711;0.15121873
62;20948000;0;0;0.23;148.5;1;0;0;1;0;0;0;;595.4;1/01/2003;Secondary;Jupiter;0.033241503;5983470498;0.00000000000206;0.00000000295;0.140028731
63;20494000;0;0;0.105;146.4;1;0;0;1;0;0;0;;606.3;1/01/2003;Secondary;Jupiter;0.033977896;6116021275;0.00000000000206;0.000000953;0.136993928
64;23532000;0;0;0.334;162.9;1;0;0;1;0;0;0;;701.3;1/01/2003;Secondary;Jupiter;0.029591322;5326438042;0.00000000000206;0.00000000436;0.157301704
65;23549000;0;0;0.309;149.2;1;8.10E-04;0;1;0;0;0;;759.7;1/01/2003;Secondary;Jupiter;0.029569961;5322592891;0.00000000000206;0.000000001;0.157415342
66;185539;181770;189270;0.0202;1.53;1.15;0;0;396.4;0;0;0;415x394x381;0.94;17/09/1789;Secondary;Saturn;3755212651;6759382771;0.000000324;0.000000000279;0.001240252
67;238037;236830;239066;0.0045;0;1.61;0;0;504.2;0;0;0;;1.37;28/08/1789;Secondary;Saturn;2927470099;5269446179;0.000000524;0.0000000000126;0.001591179
68;294672;294589;294648;0;1.86;0.985;0;0;1066;0;0;0;;1.89;21/03/1684;Secondary;Saturn;2366726394;4260107509;0.00000234;0.00000000000526;0.001969761
69;377415;376580;378260;0.0022;0.02;1.48;0;0;1123.4;0;0;0;;2.74;21/03/1684;Secondary;Saturn;1848006571;3326411828;0.00000260;0.00000000000342;0.002522863
70;527068;526543;527597;0.001;0.35;1.24;0;0;1528.6;0;0;0;;4518;23/12/1672;Secondary;Saturn;1324061791;2383311224;0.00000482;0.00000000000368;0.003523232
71;1221865;1186680;1257060;0.0292;0.33;1.88;0;0;2575;0;0;0;;15.95;25/03/1655;Secondary;Saturn;0.572008364;1029615056;0.0000137;0.0000000000842;0.008167663
72;1500934;1466112;1535756;0.1042;0.43;0.55;0;0;266;0;0;0;328x260x214;21.28;16/09/1848;Secondary;Saturn;0.464116344;8354094184;0.000000146;0.0000000000737;0.010033124
73;3560851;3460068;3661612;0.0283;14.72;1.09;0;0;1471.2;0;0;0;;79.33;25/10/1671;Secondary;Saturn;0.195968099;3527425775;0.00000446;0.00000000000261;0.023802819
74;12947913;0;0;0.164;174.8;1.64;0;0;214.4;0;0;0;230x220x210;548.2;17/03/1899;Secondary;Saturn;0.053796809;9683425584;0.0000000948;0.00000000000209;0.086551453
75;151460;0;0;0.007;0.14;0.63;0;0;33;0;0;0;195x194x152;0.7;15/12/1966;Secondary;Saturn;459774858;8275947445;0.00000000225;0.00000000000382;0.001012448
76;151410;0;0;0.009;0.34;0.64;0;0;113.4;0;0;0;116x117x106;0.69;18/12/1966;Secondary;Saturn;45997979;827963622;0.0000000265;0.00000000000121;0.001012113
77;377420;0;0;0.005;0;1.3;0;0;33;0;0;0;39x37x25;2.74;1/03/1980;Secondary;Saturn;1845093;33211674;0.00000000225;0.000000000000621;0.002522897
78;294710;0;0;0.001;1158;1;0;0;33;0;0;0;30x23x14;1.89;8/04/1980;Secondary;Saturn;2362916087;4253248957;0.00000000225;0.000000000000121;0.001970015
79;294710;0;0;0.001;1473;1;0;0;33;0;0;0;31x24x21;1.89;13/03/1980;Secondary;Saturn;2362916087;4253248957;0.00000000225;0.00000000000147;0.001970015
80;137670;0;0;0;0.3;0.5;0;0;33;0;0;0;42x36x18;0.602;12/11/1980;Secondary;Saturn;5058291567;910492482;0.00000000225;0.000000000000121;0.000920
81;139380;0;0;0.00204;0;0.48;0;0;33;0;0;0;133x79x61;0.613;1/10/1980;Secondary;Saturn;4996233319;8993219974;0.00000000225;0.0000000000117;0.000932
82;141720;0;0;0.0042;0;0.49;0;0;33;0;0;0;103x80x64;0.629;1/10/1980;Secondary;Saturn;4913738357;8844729043;0.00000000225;0.000000000000184;0.000947
83;133580;0;0;0;0;0.42;0;0;33;0;0;0;35x32x21;0.575;22/08/1981;Secondary;Saturn;5213168139;938370265;0.00000000225;0.000000000000358;0.000893
84;23140400;0;0;0.187;167.9;1;0;0;9;0;0;0;;1315.4;7/08/2000;Secondary;Saturn;0.030092436;5416638433;0.000000000167;0.0000000000229;0.15468402
85;15024000;6908035;23139965;0.364;47.2;1;0;0;10;0;0;0;;686.9;7/08/2000;Secondary;Saturn;0.046349308;8342875399;0.000000000206;0.00000000000121;0.100429237
86;18263200;0;0;0.531;33.8;1;0;0;7;0;0;0;;926.2;23/09/2000;Secondary;Saturn;0.038128532;6863135705;0.000000000101;0.00000000000121;0.122081952
87;11367400;0;0;0.316;49.1;1;0;0;5;0;0;0;;451.4;23/09/2000;Secondary;Saturn;0.061258247;1102648451;0.0000000000516;0.000000000000105;0.075986376
88;19476700;0;0;0.114;175.8;1;0;0;3;0;0;0;;1016.7;23/09/2000;Secondary;Saturn;0.03575272;6435489585;0.0000000000186;0.000000000000316;0.130193698
89;11311100;0;0;0.334;48.7;1;0;0;7;0;0;0;;449.2;7/08/2000;Secondary;Saturn;0.061563332;1108139969;0.000000000101;0.0000000000000526;0.075610033
90;18667900;0;0;0.21;169.4;1;0;0;3;0;0;0;;952.6;23/09/2000;Secondary;Saturn;0.037301732;6714311733;0.0000000000186;0.0000000000000526;0.124787204
91;16401100;0;0;0.469;34;1;0;0;13;0;0;0;;783.5;9/11/2000;Secondary;Saturn;0.042457823;7642408131;0.000000000349;0.0000000000000789;0.109634582
92;15614300;0;0;0.27;148.5;1;0;0;3;0;0;0;;728.2;23/09/2000;Secondary;Saturn;0.04459662;8027391558;0.0000000000186;0.0000000000000789;0.104375149
93;17611400;0;0;0.474;34.6;1;0;0;4;0;0;0;;871.2;23/09/2000;Secondary;Saturn;0.039539503;7117110508;0.0000000000330;0.0000000000000789;0.117724938
94;18015400;0;0;0.295;45.6;1;0;0;16;0;0;0;;895.6;23/09/2000;Secondary;Saturn;0.038653485;6957627363;0.000000000528;0.000000000000121;0.120425511
95;20439600;0;0;0.47;175;1;0;0;3;0;0;0;;1094.3;23/09/2000;Secondary;Saturn;0.034068426;6132316679;0.0000000000186;0.0000000000000474;0.136630287
96;19417300;0;0;0.431;145.8;1;0;0;3;0;0;0;;1003.9;5/02/2003;Secondary;Saturn;0.035862092;6455176569;0.0000000000186;0.0000000000000263;0.129796634
97;194440;194421;194459;0;0;1;0;0;1.6;0;0;0;;1.01;1/06/2004;Secondary;Saturn;3581277515;6446299527;0.00000000000528;0.0000000000000789;0.001299751
98;212280;0;0;0;0;1;0;0;33;0;0;0;5x4x4;1.14;1/06/2004;Secondary;Saturn;3280455059;5904819107;0.00000000225;0.0000000000000789;0.001419004
99;377200;0;0;0;0;1;0;0;2;0;0;0;3x2x2;2.74;21/10/2004;Secondary;Saturn;1846086957;3322956522;0.000000000825;0.000000000000184;0.002521426
100;136500;0;0;0;0;0.34;0;0;33;0;0;0;9x8x6;0.594;1/05/2009;Secondary;Saturn;5101648352;9182967033;0.00000000225;0.000000000000121;0.000912
101;20749800;0;0;0.252;166.7;1;0;0;3;0;0;0;;1116.5;12/12/2004;Secondary;Saturn;0.033559119;6040641356;0.0000000000186;0.0000000000000789;0.138703846
102;17117800;0;0;0.469;35;1;0;0;3;0;0;0;;834.8;12/12/2004;Secondary;Saturn;0.040679585;7322325299;0.0000000000186;0.0000000000000789;0.114425425
103;19338300;0;0;0.142;158.5;1;0;0;3;0;0;0;;1005.9;12/12/2004;Secondary;Saturn;0.036008594;6481546982;0.0000000000186;0.0000000000000789;0.129268551
104;20278000;0;0;0.521;145.2;1;0;0;3;0;0;0;;1083.6;13/12/2004;Secondary;Saturn;0.034339925;6181186508;0.0000000000186;0.00000000000000263;0.135550058
105;20387000;0;0;0.206;156.4;1;0;0;3;0;0;0;;1086.1;12/12/2004;Secondary;Saturn;0.034156325;614813852;0.0000000000186;0.0000000000000526;0.136278678
106;22454800;0;0;0.136;164.9;1;0;0;2;0;0;0;;1260.3;13/12/2004;Secondary;Saturn;0.03101092;5581965549;0.000000000825;0.0000000000000789;0.150101067
107;25151200;0;0;0.206;170.4;1;0;0;3;0;0;0;;1490.9;12/12/2004;Secondary;Saturn;0.027686353;4983543529;0.0000000000186;0.000000000000121;0.168125388
108;19775000;0;0;0.372;165.8;1;0;0;3;0;0;0;;1038.7;12/12/2004;Secondary;Saturn;0.035213401;6338412137;0.0000000000186;0.0000000000000000526;0.13218771
109;18437300;0;0;0.333;151.4;1;0;0;4;0;0;0;;931.8;12/12/2004;Secondary;Saturn;0.037768328;67982991;0.0000000000330;0.0000000000000789;0.123245738
110;22077100;0;0;0.478;156.3;1;0;0;3;0;0;0;;1233.6;12/12/2004;Secondary;Saturn;0.031541507;5677471226;0.0000000000186;0.0000000000000474;0.147576298
111;23065500;0;0;0.335;173.1;1;0;0;3;0;0;0;;1312;13/12/2004;Secondary;Saturn;0.030189894;543418092;0.0000000000186;0.0000000000000789;0.154183344
112;17663300;0;0;0.464;161.2;1;0;0;3;0;0;0;;878.3;12/12/2004;Secondary;Saturn;0.039423267;7096188142;0.0000000000186;0.0000000000000263;0.118071868
113;22920400;0;0;0.451;177.5;1;0;0;3;0;0;0;;1297.7;12/12/2004;Secondary;Saturn;0.030381014;5468582573;0.0000000000186;0.0000000000000526;0.153213411
114;197700;0;0;0.001;0.1;1;0;0;1;0;0;0;;1.04;30/05/2007;Secondary;Saturn;3522220536;6339996965;0.000000000206;0.0000000000000789;0.001321543
115;19356400;0;0;0.216;163.3;1;0;0;3;0;0;0;;964.7;5/01/2006;Secondary;Saturn;0.035974923;6475486144;0.0000000000186;0.0000000000000789;0.129389542
116;18442200;0;0;0.326;179.8;1;0;0;3;0;0;0;;921.2;5/01/2006;Secondary;Saturn;0.037758239;6796483066;0.0000000000186;0.0000000000000789;0.123278493
117;17909900;0;0;0.16;46.1;1;0;0;3;0;0;0;;887.5;5/01/2006;Secondary;Saturn;0.038880452;6998481287;0.0000000000186;0.0000000000000000526;0.119720287
118;167500;0;0;2.00E-04;0.001;1;0;0;0.5;0;0;0;;0.808;15/08/2008;Secondary;Saturn;4157268657;7483083582;0.000000000000516;0.0000006;0.001119668
119;21005800;0;0;0.58;165.1;1;0;0;3;0;0;0;;1103;12/12/2004;Secondary;Saturn;0.03315013;5967023394;0.0000000000186;0.000000642;0.1404151
120;19867500;0;0;0.401;164;1;0;0;3;0;0;0;;1048;12/12/2004;Secondary;Saturn;0.035049453;6308901472;0.0000000000186;0.0000018;0.132806035
121;18408700;0;0;0.273;167.4;1;0;0;3;0;0;0;;906;12/12/2004;Secondary;Saturn;0.037826951;680885125;0.0000000000186;0.00000152;0.123054559
122;19449900;0;0;0.259;166.6;1;0;0;2;0;0;0;;986;13/12/2004;Secondary;Saturn;0.035801932;6444347786;0.000000000825;0.0000000347;0.130014551
123;18797400;0;0;0.13;154.2;1;0;0;3;0;0;0;;970;4/01/2006;Secondary;Saturn;0.037044751;6668055157;0.0000000000186;0.0000000000237;0.125652858
124;22100100;0;0;0.471;150.8;1;0;0;3;0;0;0;;1142;5/01/2006;Secondary;Saturn;0.031508681;5671562572;0.0000000000186;0.0000000000284;0.147730044
125;16723300;0;0;0.218;176.7;1;0;0;3;0;0;0;;800;1/05/2007;Secondary;Saturn;0.04163921;7495057794;0.0000000000186;0.0000000000484;0.111788356
126;18981900;0;0;0.13;177.2;1;0;0;3;0;0;0;;1100;1/05/2007;Secondary;Saturn;0.036684684;6603243089;0.0000000000186;0.0000000000179;0.126886164
127;117000;0;0;0;0;1;0;0;0.3;0;0;0;;0.4715;26/07/2009;Secondary;Saturn;595164359;1071295846;0.00000000000186;0.0000000000947;0.000782
128;190900;190670;191130;0.0012;0.04;1.59;0;0;581.1;0;0;0;;252038;24/10/1851;Secondary;Uranus;3650723415;6571302148;0.0000000696;0.000000000295;0.001276088
129;266000;265100;267500;0.0039;0.13;1.46;0;0;584.7;0;0;0;;414418;24/10/1851;Secondary;Uranus;2620025188;4716045338;0.0000000705;0.000000000895;0.0017781
130;436300;435800;436800;0.0011;0.08;1.66;0;0;788.9;0;0;0;;870587;11/01/1787;Secondary;Uranus;1597824662;2876084391;0.00000128;0.0000000000132;0.002916485
131;583500;582702;584336;0.0014;0.07;1.56;0;0;761.4;0;0;0;;1346323;11/01/1787;Secondary;Uranus;1194693059;2150447506;0.00000120;0.0000000000258;0.003900457
132;129900;129703;130041;0.0013;4.34;1.2;0;0;240;0;0;0;;141348;16/02/1948;Secondary;Uranus;5362448037;9652406467;0.0000000119;0.00000000153;0.000868
133;49800;0;0;0.0003;0.08;1;0;0;20;0;0;0;;0.33503;20/01/1986;Secondary;Uranus;1398317269;2516971084;0.000000000825;0.000000000132;0.000333
134;53800;0;0;0.0099;0.1;1;0;0;21;0;0;0;;0.3764;20/01/1986;Secondary;Uranus;1294355019;2329839033;0.000000000909;0.00000000121;0.000360
135;59200;0;0;0.0009;0.19;1;0;0;27;0;0;0;;0.43458;23/01/1986;Secondary;Uranus;1176298986;2117338176;0.0000000014532;0.0000000000447;0.000396
136;61800;0;0;0.0004;0.01;1;0;0;41;0;0;0;;0.46357;9/01/1986;Secondary;Uranus;1126833333;2028.3;0.00000000347;0.0000000000395;0.000413
137;62700;0;0;0.0001;0.11;1;0;0;35;0;0;0;;0.47365;13/01/1986;Secondary;Uranus;1110649123;1999168421;0.00000000253;0.0000000000116;0.000419
138;64400;0;0;0.0007;0.07;1;0;0;53;0;0;0;;0.49307;3/01/1986;Secondary;Uranus;1081358696;1946445652;0.00000000579;0.00000000000205;0.000430
139;66100;0;0;0.0001;0.06;1;0;0;70;0;0;0;;0.5132;3/01/1986;Secondary;Uranus;1053573374;1896432073;0.0000000101;0.00000000000379;0.000442
140;69900;0;0;0.0001;0.28;1;0;0;36;0;0;0;;0.55846;13/01/1986;Secondary;Uranus;996248927;1793248069;0.00000000267;0.00000000000284;0.000467
141;75300;0;0;0.0001;0.03;1;0;0;45;0;0;0;;0.62353;13/01/1986;Secondary;Uranus;9248167331;166467012;0.00000000418;0.00000000000284;0.000503
142;86000;0;0;0.0001;0.32;1;0;0;81;0;0;0;;0.76183;30/12/1985;Secondary;Uranus;809794186;1457629535;0.0000000135;0.00000000947;0.000575
143;7231100;0;0;0.1812;141.53;1;0;0;36;0;0;0;;-579.5;6/09/1997;Secondary;Uranus;0.09630319;1733457427;0.00000000267;0.0000000000526;0.048336918
144;12179400;0;0;0.5219;159.42;1;0;0;75;0;0;0;;-1283.4;6/09/1997;Secondary;Uranus;0.05717991;1029238386;0.0000000116;0.000000000002;0.08141426
145;16276800;0;0;0.4445;151.83;1;0;0;25;0;0;0;;-1977.3;18/07/1999;Secondary;Uranus;0.042782795;7700903126;0.00000000129;0.0000113;0.108803688
146;17420400;0;0;0.5908;158.24;1;0;0;24;0;0;0;;-2234.8;18/07/1999;Secondary;Uranus;0.039974168;7195350279;0.00000000119;0.0000000158;0.116448182
147;8007400;0;0;0.2248;143.82;1;0;0;16;0;0;0;;-676.5;18/07/1999;Secondary;Uranus;0.086964308;1565357544;0.000000000528;0.000000000105;0.053526163
148;8505200;0;0;0.2194;166.93;1;0;0;9;0;0;0;;-758.1;13/08/2001;Secondary;Uranus;0.08187356;1473724075;0.000000000167;0.000000000211;0.05685375
149;4282900;0;0;0.1324;147.25;1;0;0;11;0;0;0;;-266.6;13/08/2001;Secondary;Uranus;0.162589134;2926604404;0.00000000025;0.00000000105;0.028629418
150;23808000;0;0;0.6772;57.37;1;0;0;10;0;0;0;;1694.8;29/08/2003;Secondary;Uranus;0.029248656;5264758065;0.000000000206;0.00000000105;0.15914665
151;20430000;0;0;0.3993;169.79;1;0;0;10;0;0;0;;-2823.4;13/08/2001;Secondary;Uranus;0.034084777;6135259912;0.000000000206;0.00000000263;0.136566115
152;76417;0;0;0;0.47;1;0;0;13;0;0;0;;0.638;18/01/1986;Secondary;Uranus;9112566576;1640261984;0.000000000349;0.0000000263;0.000511
153;97736;0;0;0;0.13;1;0;0;12;0;0;0;;0.923;25/08/2003;Secondary;Uranus;7124846525;1282472375;0.000000000297;0.000000000105;0.000653
154;74392;0;0;0;0.1;1;0;0;9;0;0;0;;0.613;25/08/2003;Secondary;Uranus;9360562964;1684901333;0.000000000167;0.000000000011;0.000497
155;354759;354753;354765;0.00002;157345;2.05;0.78;0;1353.4;0;0;0;;587685;10/10/1846;Secondary;Neptune;1966674277;3540013699;0.00000378;0.0000000000526;0.002371417
156;5513818;1372000;9655000;0.7512;7.23;1;0.071;0;170;0;0;0;;36013619;1/05/1949;Secondary;Neptune;0.126321181;2273781253;0.0000000596;0.0000000000526;0.036857597
157;48227;0;0;0.0003;4.74;1;0.01;0;33;0;0;0;48 x 30 x 26;0.2944;18/09/1989;Secondary;Neptune;1443952558;2599114604;0.00000000225;0.0000000000526;0.000322
158;50074;0;0;0.0002;0.21;1;0.013;0;33;0;0;0;54 x 50 x 26;0.31149;18/09/1989;Secondary;Neptune;1390691776;2503245197;0.00000000225;0.0000000000126;0.000335
159;52526;0;0;0.0001;0.07;1;0.023;0;33;0;0;0;90 x 74 x 64;0.33466;28/07/1989;Secondary;Neptune;1325771999;2386389598;0.00000000225;0.0000000000126;0.000351
160;61953;0;0;0.0001;0.05;1;0.03;0;33;0;0;0;102 x 92 x 72;0.42875;28/07/1989;Secondary;Neptune;1124037577;2023267638;0.00000000225;0.0000000000126;0.000414
161;73548;0;0;0.0014;0.2;1;0.034;0;33;0;0;0;108 x 102 x 84;0.55465;24/05/1981;Secondary;Neptune;9468306412;1704295154;0.00000000225;0.0000000000126;0.000492
162;117646;0;0;0.0004;0.04;1;0.075;0;33;0;0;0;220 x 208 x 202;112232;16/06/1989;Secondary;Neptune;5919240773;1065463339;0.00000000225;0.0000000000126;0.000786
163;16611000;0;0;0.571;134.1;1;0.01;0;30;0;0;0;;1879.7;14/08/2002;Secondary;Neptune;0.041922341;7546021311;0.00000000186;0.0000000000126;0.111037677
164;48096000;0;0;0.45;137.4;1;0;0;20;0;0;0;;9115.9;19/08/2003;Secondary;Neptune;0.014478584;260614521;0.000000000825;0.0000000000474;0.321501902
165;22228000;0;0;0.293;48.5;1;0.01;0;20;0;0;0;;2914.1;14/08/2002;Secondary;Neptune;0.031328145;5639066043;0.000000000825;0.0000000000126;0.148585003
166;23567000;0;0;0.424;34.7;1;0.01;0;20;0;0;0;;3167.9;13/08/2002;Secondary;Neptune;0.029548182;531867272;0.000000000825;0.0000000000126;0.157535665
167;49285000;0;0;0.495;132.6;1;0;0;30;0;0;0;;9374;14/08/2002;Secondary;Neptune;0.014129492;2543308512;0.00000000186;0.0000000000126;0.329449876
168;17536;0;0;0;0;1;0;0;33;0;0;0;39x37x25;2.74;13/04/1978;Secondary;Pluto;397111656;7148009808;0.00000000225;0.0000000000126;0.000117
169;48708;0;0;0;0;1;0;0;33;0;0;0;39x37x25;2.74;15/05/2005;Secondary;Pluto;1429693274;2573447894;0.00000000225;0.0000000000126;0.000326
170;64749;0;0;0;0;1;0;0;33;0;0;0;39x37x25;2.74;15/05/2005;Secondary;Pluto;1075499236;1935898624;0.00000000225;0.0000000000126;0.000433
171;39300;0;0;0;0;1;0;0;33;0;0;0;39x37x25;2.74;30/06/2005;Secondary;136108 Haumea;1771946565;3189503817;0.00000000225;0.0000000000126;0.000263
172;49500;0;0;0;0;1;0;0;33;0;0;0;39x37x25;2.74;26/01/2005;Secondary;136108 Haumea;1406818182;2532272727;0.00000000225;0.0000000000126;0.000331
173;30000;0;0;0;0;1;0;0;33;0;0;0;39x37x25;2.74;1/09/2005;Secondary;136199 Eris;232125;4178.25;0.00000000225;0.0000000000126;0.000201
174;12555000;0;0;0.211;28.23;1;0;0;2;0;0;0;;287;27/12/2000;Secondary;Jupiter;0.055463481;9983426523;0.00000000000825;0.0000000000126;0.083924991
175;141000;0;0;0.02;0;1;0;0;2;0;0;0;;0.62;21/06/2004;Secondary;Saturn;4938609929;8889497872;0.00000000000825;0.0000000000126;0.000943
176;140100;0;0;0;0;1;0;0;2;0;0;0;;0.61;9/09/2004;Secondary;Saturn;4970335475;8946603854;0.00000000000825;0.0000000000126;0.000937
177;140000;0;0;0.002;0.02;1;0;0;2.5;0;0;0;;0.61;28/10/2004;Secondary;Saturn;4973889286;8953000714;0.0000000000129;0.0000000000126;0.000936
178;23314335;0;0;0.32;163.2;1;0;0;1;0;0;0;;723.2;7/09/2010;Secondary;Jupiter;0.02986759;5376166208;0.00000000000206;0.0000000000126;0.155846704
179;20320000;0;0;0.307;150.4;1;0;0;0.5;0;0;0;;588.1;8/09/2010;Secondary;Jupiter;0.034268824;6168388287;0.000000000000516;0.0000000000126;0.13583081
180;362959000;0;0;0;0;1;0;0;33;0;0;0;39x37x25;2.74;01/07/1847;Primary;Sun;0.001918605;0.345348924;0.00000000225;0.0000000000126;2426231057
181;5884000000;0;0;0;0;1;0;0;33;0;0;0;39x37x25;2.74;1/10/1999;Primary;Sun;0.000118;0.02130311;0.00000000225;0.0000000000126;3933211063
182;1190;0;0;0;0;1;0;0;33;0;0;0;39x37x25;2.74;1/11/1999;Secondary;45 Eugenia;5851890756;1053340336;0.00000000225;0.0000000000126;0.00000795
183;472579673;0;0;0;0;1;0;0;33;0;0;0;39x37x25;2.74;3/09/1913;Primary;Sun;0.001473561;0.265240989;0.00000000225;0.0000000000126;3158999996
184;377326000;0;0;0;0;1;0;0;33;0;0;0;39x37x25;2.74;4/01/1989;Primary;Sun;0.001845553;0.332199477;0.00000000225;0.0000000000126;252226852
185;6489054000;0;0;0;0;1;0;0;33;0;0;0;39x37x25;2.74;4/06/2002;Primary;Sun;0.000107;0.01931676;0.00000000225;0.0000000000126;433766468
186;353495000;0;0;0;0;1;0;0;33;0;0;0;39x37x25;2.74;4/11/1969;Primary;Sun;0.001969971;0.354594832;0.00000000225;0.0000000000126;2362968125
187;384877000;0;0;0;0;1;0;0;33;0;0;0;39x37x25;2.74;08/12/1845;Primary;Sun;0.001809344;0.325681971;0.00000000225;0.0000000000126;2572743838
188;3055227000;0;0;0;0;1;0;0;33;0;0;0;39x37x25;2.74;9/01/1992;Primary;Sun;0.000228;0.04102723;0.00000000225;0.0000000000126;2042293106
189;159053000;0;0;0;0;1;0;0;33;0;0;0;39x37x25;2.74;9/08/1989;Primary;Sun;0.004378258;0.788086361;0.00000000225;0.0000000000126;1063203636
190;706;0;0;0;0;1;0;0;33;0;0;0;39x37x25;2.74;9/08/2005;Secondary;87 Sylvia;9863668555;177546034;0.00000000225;0.0000000000126;0.00000472
191;781183000;0;0;0;0;1;0;0;33;0;0;0;39x37x25;2.74;10/02/1907;Primary;Sun;0.000891;0.160458561;0.00000000225;0.0000000000126;5221885822
192;417796000;0;0;0;0;1;0;0;33;0;0;0;39x37x25;2.74;10/04/1880;Primary;Sun;0.001666782;0.300020824;0.00000000225;0.0000000000126;2792793761
193;149260000;0;0;0;0;1;0;0;33;0;0;0;39x37x25;2.74;10/10/1986;Primary;Sun;0.004665517;0.839792979;0.00000000225;0.0000000000126;0.997741474
194;399480000;0;0;0;0;1;0;0;33;0;0;0;39x37x25;2.74;12/01/1804;Primary;Sun;0.001743204;0.31377666;0.00000000225;0.0000000000126;2670358864
195;469345000;0;0;0;0;1;0;0;33;0;0;0;39x37x25;2.74;12/04/1849;Primary;Sun;0.001483717;0.267069;0.00000000225;0.0000000000126;3137377543
196;364277000;0;0;0;0;1;0;0;33;0;0;0;39x37x25;2.74;12/11/1852;Primary;Sun;0.001911663;0.344099408;0.00000000225;0.0000000000126;2435041343
197;395900000;0;0;0;0;1;0;0;33;0;0;0;39x37x25;2.74;12/11/1885;Primary;Sun;0.001758967;0.316614044;0.00000000225;0.0000000000126;2646428042
198;357019000;0;0;0;0;1;0;0;33;0;0;0;39x37x25;2.74;13/08/1847;Primary;Sun;0.001950526;0.35109476;0.00000000225;0.0000000000126;238652461
199;218155000;0;0;0;0;1;0;0;33;0;0;0;39x37x25;2.74;13/08/1898;Primary;Sun;0.003192111;0.57458;0.00000000225;0.0000000000126;1458276104
200;8980;0;0;0;0;1;0;0;33;0;0;0;39x37x25;2.74;13/11/2005;Secondary;90482 Orcus;7754732739;1395851893;0.00000000225;0.0000000000126;0.0000600
201;75659770000;0;0;0;0;1;0;0;33;0;0;0;39x37x25;2.74;14/11/2003;Primary;Sun;0.00000920;0.001656726;0.00000000225;0.0000000000126;5057543242
202;2380000000;0;0;0;0;1;0;0;33;0;0;0;39x37x25;2.74;15/02/1997;Primary;Sun;0.000293;0.052667017;0.00000000225;0.0000000000126;1590931735
203;522135000;0;0;0;0;1;0;0;33;0;0;0;39x37x25;2.74;16/05/1866;Primary;Sun;0.001333707;0.240067224;0.00000000225;0.0000000000126;3490256897
204;108;0;0;0;0;1;0;0;33;0;0;0;39x37x25;2.74;17/02/1994;Secondary;243 Ida;6447916667;1160625;0.00000000225;0.0000000000126;0.000000722
205;5862440000;0;0;0;0;1;0;0;33;0;0;0;39x37x25;2.74;17/02/2004;Primary;Sun;0.000119;0.021381456;0.00000000225;0.0000000000126;3918799093
206;8368303000;0;0;0;0;1;0;0;33;0;0;0;39x37x25;2.74;18/02/1991;Primary;Sun;0.0000832;0.014978843;0.00000000225;0.0000000000126;5593865047
207;1356;0;0;0;0;1;0;0;33;0;0;0;39x37x25;2.74;18/02/2001;Secondary;87 Sylvia;513550885;9243915929;0.00000000225;0.0000000000126;0.00000906
208;775;0;0;0;0;1;0;0;33;0;0;0;39x37x25;2.74;18/09/2008;Secondary;216 Kleopatra;8985483871;1617387097;0.00000000225;0.0000000000126;0.00000518
209;380;0;0;0;0;1;0;0;33;0;0;0;39x37x25;2.74;18/09/2008;Secondary;216 Kleopatra;1832565789;3298618421;0.00000000225;0.0000000000126;0.00000254
210;329313000;0;0;0;0;1;0;0;33;0;0;0;39x37x25;2.74;18/10/1847;Primary;Sun;0.00211463;0.380633318;0.00000000225;0.0000000000126;2201321439
211;2042652000;0;0;0;0;1;0;0;33;0;0;0;39x37x25;2.74;18/10/1977;Primary;Sun;0.000341;0.061365078;0.00000000225;0.0000000000126;1365428525
212;227908000;0;0;0;0;1;0;0;33;0;0;0;39x37x25;2.74;20/06/1990;Primary;Sun;0.003055509;0.549991663;0.00000000225;0.0000000000126;1523470882
213;776669000;0;0;0;0;1;0;0;33;0;0;0;39x37x25;2.74;22/02/1906;Primary;Sun;0.000897;0.161391146;0.00000000225;0.0000000000126;5191711596
214;10000;0;0;0;0;1;0;0;33;0;0;0;39x37x25;2.74;22/02/2007;Secondary;50000 Quaoar;696375;12534.75;0.00000000225;0.0000000000126;0.0000668
215;5910896000;0;0;0;0;1;0;0;33;0;0;0;39x37x25;2.74;22/05/2001;Primary;Sun;0.000118;0.021206176;0.00000000225;0.0000000000158;3951189928
216;0;0;0;0;0;1;0;0;33;0;0;0;39x37x25;2.74;24/03/1993;Primary;Sun;0.000118;0.021206176;0.00000000225;0.0000000000126;0
217;357052000;0;0;0;0;1;0;0;33;0;0;0;39x37x25;2.74;25/04/1848;Primary;Sun;0.001950346;0.35106231;0.00000000225;0.0000000000126;2386745201
218;3689000000;0;0;0;0;1;0;0;33;0;0;0;39x37x25;2.74;26/04/1993;Primary;Sun;0.000189;0.033978721;0.00000000225;0.0000000000126;2465944189
219;198049628;0;0;0;0;1;0;0;33;0;0;0;39x37x25;2.74;26/09/1998;Primary;Sun;0.003516164;0.632909545;0.00000000225;0.0000000000126;1323879993
220;3779000000;0;0;0;0;1;0;0;33;0;0;0;39x37x25;2.74;27/02/1995;Primary;Sun;0.000184;0.033169489;0.00000000225;0.0000000000126;2526105474
221;406934000;0;0;0;0;1;0;0;33;0;0;0;39x37x25;2.74;27/06/1857;Primary;Sun;0.001711273;0.308029066;0.00000000225;0.0000000000126;2720185776
222;1.52E+11;0;0;0;0;1;0;0;33;0;0;0;39x37x25;2.74;27/09/2006;Primary;Sun;0.00000458;8.25E-04;0.00000000225;0.0000000000126;1016057243
223;414717000;0;0;0;0;1;0;0;33;0;0;0;39x37x25;2.74;28/03/1802;Primary;Sun;0.001679157;0.30224828;0.00000000225;0.0000000000126;2772211918
224;2694000000;0;0;0;0;1;0;0;33;0;0;0;39x37x25;2.74;28/03/1995;Primary;Sun;0.000258;0.046528396;0.00000000225;0.0000000000126;1800827771
225;6451398000;0;0;0;0;1;0;0;33;0;0;0;39x37x25;2.74;28/11/2000;Primary;Sun;0.000108;0.01942951;0.00000000225;0.0000000000126;4312493199
226;353343000;0;0;0;0;1;0;0;33;0;0;0;39x37x25;2.74;29/03/1807;Primary;Sun;0.001970819;0.35474737;0.00000000225;0.0000000000126;2361952068
227;428000000;0;0;0;0;1;0;0;33;0;0;0;39x37x25;2.74;29/09/1884;Primary;Sun;0.001627044;0.292867991;0.00000000225;0.0000000000126;2861003288
228;0;0;0;0;0;1;0;0;33;0;0;0;39x37x25;2.74;30/01/1996;Primary;Sun;0.001627044;0.292867991;0.00000000225;0.0000000000126;0
229;330513000;0;0;0;0;1;0;0;33;0;0;0;39x37x25;2.74;30/07/1916;Primary;Sun;0.002106952;0.379251346;0.00000000225;0.0000000000126;2209342944
230;6547379000;0;0;0;0;1;0;0;33;0;0;0;39x37x25;2.74;30/08/1992;Primary;Sun;0.000106;0.019144684;0.00000000225;0.003142105;4376652535
231;2677801885;0;0;0;0;1;0;0;33;0;0;0;39x37x25;2.74;;Primary;Sun;0.000260;0.046809848;0.00000000225;0.002563158;17.9
232;0;0;0;0;0;1.408;274;617000;696342;0;0;0;39x37x25;2.74;;Primary;;;;1;;0
233;59000;0;0;0;0;1;0;0;33;0;0;0;39x37x25;2.74;20/07/2011;Secondary;Pluto;118029661;2124533898;0.00000000225;0.000338;0.000394
234;20155290;0;0;0.296;162.8;1;0;0;0.5;0;0;0;;580.7;29/01/2012;Secondary;Jupiter;0.03454887;6218796653;0.000000000000516;0.000174;0.134729792
235;23329710;0;0;0.332;148.8;1;0;0;0.5;0;0;0;;726.8;29/01/2012;Secondary;Jupiter;0.029847885;5372619291;0.000000000000516;0.298947368;0.155949479
236;45000;0;0;0;0;1;0;0;33;0;0;0;39x37x25;2.74;11/07/2012;Secondary;Pluto;15475;2785.5;0.00000000225;0.00000232;0.000301
237;105200;0;0;0;0;1;0;0;17;0;0;0;NA;0.95;1/07/2013;Secondary;Neptune;6619382129;1191488783;0.000000000596;0.00000211;0.000703
238;21100;0;0;0;0;1;0;0;33;0;0;0;39x37x25;2.74;26/04/2016;Secondary;136472 Makemake;330035545;594063981;0.00000000225;0.000053684211;0.000141
239;23587000;0;0;0.397;149.2;1;0;0;2;0;0;0;;734.2;6/06/2017;Secondary;Jupiter;0.029522364;5314025523;0.00000000000825;0.00000684;0.157669356
240;20651000;0;0;0.141;139.8;1;0;0;0.5;0;0;0;;602.7;6/06/2017;Secondary;Jupiter;0.033719554;6069519636;0.000000000000516;0.000045684211;0.138043409
241;18980000;0;0;0.222;34;1;0;0;0.5;0;0;0;;533;17/07/2018;Secondary;Jupiter;0.036688224;66038804;0.000000000000516;0.00000874;0.126873464
242;23303000;0;0;0.236;166.4;1;0;0;1;0;0;0;;723;17/07/2018;Secondary;Jupiter;0.029882118;5378781273;0.00000000000206;0.000000494;0.155770934
243;20694000;0;0;0.148;147.9;1;0;0;1;0;0;0;;606;17/07/2018;Secondary;Jupiter;0.033649512;6056912148;0.00000000000206;0.0000387;0.138330846
244;11525000;0;0;0.18;28.2;1;0;0;1.5;0;0;0;;252;17/07/2018;Secondary;Jupiter;0.06042026;1087564685;0.00000000000464;0.00000000000558;0.077039867
245;23232000;0;0;0.284;164.3;1;0;0;1;0;0;0;;719;17/07/2018;Secondary;Jupiter;0.029973442;5395219525;0.00000000000206;0.00000000000126;0.155296328
246;22455000;0;0;0.557;155.2;1;0;0;1;0;0;0;;683;17/07/2018;Secondary;Jupiter;0.031010599;5581907816;0.00000000000206;0.000047;0.150102404
247;20627000;0;0;0.215;143.4;1;0;0;1;0;0;0;;603;17/07/2018;Secondary;Jupiter;0.033758811;6076586028;0.00000000000206;0.0000253;0.137882979
248;23233000;0;0;0.312;164.7;1;0;0;0.5;0;0;0;;720;17/07/2018;Secondary;Jupiter;0.02997213;5394983429;0.000000000000516;0.0000779;0.155303013
249;21487000;0;0;0.229;152.7;1;0;0;1.5;0;0;0;;639;17/07/2018;Secondary;Jupiter;0.032407665;5833379718;0.00000000000464;0.0000568;0.143631723
250;11483000;0;0;0.094;30.6;1;0;0;1.5;0;0;0;;252;17/07/2018;Secondary;Jupiter;0.060641252;1091542541;0.00000000000464;0.00000000395;0.076759114
251;6633400000;0;0;0;0;1;0;0;33;0;0;0;39x37x25;2.74;26/06/2014;Primary;Sun;0.000105;0.018896418;0.00000000225;0.000000005;4434154022
252;168400000;0;0;0;0;1;0;0;33;0;0;0;39x37x25;2.74;11/09/1999;Primary;Sun;0.004135243;0.744343824;0.00000000225;0.000000000421;1125684471
253;;;;;;;;;;;;;;;;;;;;;;
254;108208475;107477000;108939000;0.0067;3.39;5.243;8.87;10360;6051.8;6051.8;6051.8;0;;224701;;Primary;Sun;0.006491116;1168400941;0.0000755;0.0000000000421;0.723328979
255;778340821;740379835;816620000;0.0489;1304;13.262;24.79;60200;69911;71492;66854;0.06487;;4332589;;Primary;Sun;0.000984;0.177204557;0.010079659;0.0000000000421;5202887029
256;227943824;206700000;249200000;0.0935;1.85;39.341;3.71;5030;3389.5;3396.19;3376.2;0.00589;;686.98;;Primary;Sun;0.003069754;0.552555747;0.0000237;0.0000000000526;1523710351
257;57909227;46001200;69816900;0.2056;7;54.291;3.7;4250;2439.4;2440.53;2439.7;0;;87969;;Primary;Sun;0.01206684;2172031272;0.0000123;0.0000000000211;0.387099273
258;1426666422;1349823615;1503509229;0.0565;2485;0.6871;10.44;36090;58232;60268;54364;0.09796;;10759.22;;Primary;Sun;0.000529;0.095203278;0.006993237;0.000000000316;9536675992
259;6783345606;2147483647;2147483647;0.15586;2900685;1.4;0.5;800;725;745;715;0.05;;112897;31/03/2005;Primary;Sun;0.000103;0.018497076;0.00000108;0.000000000421;4534386468
260;6432011461;2147483647;2147483647;0.19126;28.19;2.6;0.401;809;33;0;498;0.6102;1960 x 1518 x 996;103774;28/12/2004;Primary;Sun;0.000108;0.019488072;0.00000000225;0.00000000000105;4299534098
261;4498396441;2147483647;2147483647;0.0113;1769;1.638;11.15;23560;24622;24764;24341;0.01708;;60189;23/09/1846;Primary;Sun;0.000160;0.02884884;0.001250263;0.0000000000526;3006992292
262;5906440628;2147483647;2147483647;0.2488;17.16;1.89;0.62;1210;1188.3;1188.3;1195;0;;90465;18/02/1930;Primary;Sun;0.000118;0.02125738;0.00000291;0.000000000000458;3948211696
263;2870658186;2147483647;2147483647;0.0457;0.772;1.27;8.87;21380;25362;25559;24973;0.02293;;30685.4;13/03/1781;Primary;Sun;0.000251;0.045253287;0.001326544;0.000000000000363;1918916474
264;10180122852;2147483647;2147483647;0.44068;440445;2.52;0.82;1380;1163;0;0;0;;203830;5/01/2005;Primary;Sun;0.0000685;0.012332945;0.00000279;0.000000000000111;6804991812
265;413690250;382620000;445410000;0.07582;10593;2.161;0.28;510;476.2;487;455;0.9619;;1681.63;01/01/1801;Primary;Sun;0.001684396;0.303191279;0.000000468;0.0000000000000842;2765348518
